ID,Name,PhotoUrl
734851678 	Kay Diaz            	https://randomuser.me/api/portraits/women/26.jpg
23178277  	Ian Taylor          	https://randomuser.me/api/portraits/men/37.jpg
217267713 	Rhonda Matthews     	https://randomuser.me/api/portraits/women/21.jpg
607635614 	Rosemary Sims       	https://randomuser.me/api/portraits/women/2.jpg
834909475 	Perry Campbell      	https://randomuser.me/api/portraits/men/34.jpg
394744862 	Milton Washington   	https://randomuser.me/api/portraits/men/8.jpg
806485436 	Ivan Kim            	https://randomuser.me/api/portraits/men/71.jpg
141861051 	Marcus Owens        	https://randomuser.me/api/portraits/men/73.jpg
545451205 	Chris Elliott       	https://randomuser.me/api/portraits/men/88.jpg
140347382 	Byron Davis         	https://randomuser.me/api/portraits/men/14.jpg
